text,label
i never seen a asian or chinese bitch pregnant ..shit i throught they kids just spawn like call of duty &#128514 &#128557,1
"money, hoes, cars and clothes",1
user : lmaoo bitch what? url,1
watch yo hoe,1
user : great stathe morning! my daughter danced herself into the coffee table and gave herself a nice shiner... yea she's a wh&#8230,0
gay ass nigga &#128514 &#128514 bitch you thought you thought,1
"user you real quiet son, made charlie is shit and steelers too? loser.",1
i'm the crazy bitch that will call you 10 times in one hour,1
"no user : lmfao those trash tho user : candy corn j's sirhampton "" user : these hard? url",1
jacob u look like a monkey in dis url,0
bossd up on my old hoes,1
user : bunch of rappers boutta flood the internets w/ trash remixes,0
user : &#8220 user : pick one url the girl behind the bar who ain't being a hoe,1
user : fucc hoes dats how i feel,1
user : lmaooo the cleveland g00n sent drose to hell last night in his own home and this faggot user disappeared,1
"talk alot of shit, but if i want ill put u on the spot so don't test me bitch!",1
"user : jihadi-in-chief hussein urges restraint in fighting islamic butchers&#8252 &#65039 apparently, we should be nice to isis...we might hurt&#8230",0
&#8220 user : lover url old bitch &#128514,1
the solution is simple : buy a bitch,1
user find a new hillbilly!! #spiritweek!!,0
"user : user user user i dont have time for these childish games, just fight me bitch.",1
user : lebron doesn't turn 30 til december. he made 5 trips faster than kobe shaq mike or bird. he'll be back yal act like hes retirin&#8230,0
#explainananimeplotbadly boy with a monkey tail grows up to the the savior of a futuristic yet old earth,0
user raspy ass voice annoying bitch???,1
#whatimcraving peanut butter oreos &lt 3,0
user i hate birds! they just piss me off about the fact that i can't fly!,0
user user user i miss nyc!! nashville needs a pro al team. the closest is kc or tampa. that's pretty bad. the south is nl.,0
user user nice ears bitch you look like a god damn elephant..,1
"niggas only get fucked up only on weekends and i get fucked up daily, bitch i still do it bigger, not on my level",1
user user user lj hoes!!,1
#commonquestioniget why uou so ghetto?,0
"user : ""one man's trash is another man's treasure""...perfectly explains strippers with daddy issues.",0
i'm a bitch nigga? : that hurts my feelings.... and i'm like so serious.,1
user yeah we know about anglo-american principles.#slavery #hate #racism,0
now i am seeing chatter among jihadi fans taking credit for an alledged kidnapping of a frenchman in #algeria #france,0
"user i assume so, the tranny went out this morning. i have a maxima.",0
controlled the aux cord the whole two and a half hour drive home and didn't repeat a single song. bet your boyfriend couldn't do that bitch,1
what up fake ass hoe? i'm not gone fought you today. gimme my nigga hand back,1
that bitch got 631k followers but drive a honda &#128563,1
trash user : can the notorious b.i.g.&#8217 s son cj wallace rap? watch &amp vote here: url url,0
user ho no. without ur vote we lost the election. ak49 is taking oath as pm today. :-,0
""" user : i'm an early bird and i'm a night owl, so i'm wise and have worms.""",0
"tryna get to home like base to base to base, closet looking like planet of the bathing apes",0
&#8220 user : rico be bored then a bitch&#8221 damn boy you watch me more than these hoes do,1
"user : when someone is murdered, the police investigate the spouse first. and that tells you everything you need to know abo&#8230",0
#stateoftheunion would last 15mins if they let the president talk all that standing up clapping is for the birds,0
give me head an kiss yah nigga u a ill bitch,1
user : i'm that type of bitch to tell you i'm on my way knowing i just got in the shower,1
user biden was a winner last night? yea right like charlie sheen really was a a winner too.... #winning lol,0
"i tell u this tho, if/when u nigger women stagetting cornrows again...mannn just don't do it",1
user &#128548 &#128514 &#128514 &#128514 &#128514 bitch,1
never go full retard....,1
user : user user user user user but then there's the yellow writing on the black jerse ...,0
"user : somewhere out there, a redneck is jerking off with a hand he'll lose in a firework accident tomorrow.",1
"i would like to test and see how long your tongue really is, my lady. eggplant emoji user",0
"""ovo"" &#8220 user : &amp kendrick lamar still trash&#8221",0
user : &#8220 user : user i know! it was that dana whore. if i get rid of them rn will you donate one to me&#8221 that bitch &#8230,1
user your a greaser,0
photo: giving you that trailer park trash. #transformthursday #ladykimora #vegasqueens #vegasshowgirls url,0
detroit nicca but i'm good in the a!!,1
user : poll: florida governor rick scott is leading charlie crist by five points. url,0
&#128075 hi-ho url,0
but bitches be mad than a mf when they don't know what i'm doing &amp how i getting it &#128175,1
user that's where birds came from.,0
user so much hoes?,1
user : why y'all ain't tell me young thug nails look better then mine ? lol fckin faggot,1
hoes get in this bitch ... talk about irrelevant shit ... &#128514 &#128514 &#128514,1
&#8220 user : eat her pussy nd look at her like this &#128540 &#128541 &#128540 url,1
jihadis are running a claim that the king of #saudi arabia died two days ago. must be the bombs falling on em that r making em hallucinate.,0
"user : dude does his girlfriend's mom, trashes her wedding. mopes to folk rock. #explainafilmplotbadly",1
&#8220 user : an itsy bitsy teeny weeny yellow pock-a-dot bikini&#8221 polk ashton. polk,0
some are oval and some are pink some are blue and some are just yellow,0
gimme another beer bitch!,1
you bitch like to text emojis,1
""" user : photo: url he is in sole heaven",0
yeah that's where you're supposed to put the trash can.... #rude url,0
man kills mother of 2 after she reveals she's hiv positive after having sex...that bitch deserved it,1
i'll give you a baby zebra girl.,0
&#128514 &#128514 &#128514 &#128514 user : when you're trying to relax but your pussy is shooting out light beams url,1
user ghetto gold needa be the first music vid!,0
user : i'm a crazy bitch.. fml,1
"i be jamming skid row,kix,cinderella,damn yankees,bon jovi,def leppard,whitesnake,extreme,vinnie vincent invasion,ratt,scorpions etc",0
home to chicken and penne alfredo and oreos and banjo,0
"trust me, just set the alpha to 0. it's just as good maybe better than setting the visibility to false. now: fly on silver bird!",0
user i hope you get better soon! colds are for the birds,0
pillow talkin to your hoe hatin on a nigga you might lose ya chick like that !!!!!,1
you guys are all faggots.,1
i only respect bitches that respect theyself.# truu,1
user didn't i just say i thought u told me to delete them so i deleted them bitch,1
user : user it's a bird...it's a plane...it's jake mcgee! url,0
"there was a bird on the back balcony, dead. with sadness i reflected on the fragility of life, put him in a bag, and threw him in the trash.",0
cheeky lol user : i want those all black and yellow 95's again... ughh i &#9825 those,0
smh user tyga shoulda knew blacc chyna was a hoe when his son crip walked out her pussy.,1
"user oh, well turns out that baby aint mine! does jig",0
user : when you eat the pussy so good she can't control her moans &#128523 &#128166 &#128069 url,1
the guy got excited when he saw oreo cookie crusts. he thought i was making pie. he was bummed when he realized it was cheesecake.,0
"&#8220 user : "" user : na url if you a hoe you sittin on the floor and not my damn couuuuuch&#128131 "" but your birthday is in feb or naa?&#8221 nope",1
"its #arabspring training, charlie brown! #rejectedpeanutsspecials",0
"psa: reduced fat oreos are waxy and don't soften properly when dunked in milk. stay away from them, they're unnatural! #dietschmiet user",0
damn they act like bron tore his acl! toughen up bitch! lol,1
"you say no to ratchet pussy, juicy j cant.",1
darkies dgaf! user user gotta chill wit his yellow #4thofjulyfly outfit man user url,0
user : ion feel dese nihhas or bitches...#300,1
""" user : user user i'm not mad cuh hahaha"" suure.. tuku ho ita! &#128514 &#128514",0
this world needs a build a bitch workshop,1
"fuck the church you attend , fuck your god, fuck the nigguh you call the savior . it's a fucking new world order baby",1
user we got a win my nicca! lmao,1
user : i'm one of those faggots who hates the word mines,1
"user yeah,but the cripple not getting up clean helped the call out...wouldn't have been fair either way",0
"&#128514 &#128514 &#128514 user : ""bitch i know you got games on your phone"" url",1
"user lmao.. brutal for the nigs who can't get jobs, lol..",1
user : bitch do it look like i care &#12288 n &#12288 &#12288 o &#12288 &#12288 &#12288 o &#12288 &#12288 &#12288 &#12288 o &#12288 &#12288 &#12288 &#12288 &#12288 o &#12288 &#12288 &#12288 &#12288 &#12288 o &#12288 &#12288 &#12288 &#12288 &#12288 o &#12288 &#12288 &#12288 &#12288 &#12290 &#12288 &#12288 &#12288 &#12290 &#12288 &#12288 &#12288 . &#12288 &#12288 &#12288 . &#12288 &#12288 &#12288 . &#12288 &#12288 &#12288 &#12288 .,1
the tl talkin about eatin pussy and u watchin soccer? ur a grade a faggot user : this game is crazy !!!,1
user : im a pimp tho no limp hoe,1
"user : low turnout reported, but charlie crist just filed and emergency motion to extend voting hours in broward co. url",0
"user : #led #christmas #decor lights 10m 33ft 100 led #fairy string #light for outdoor/indoor, url",0
user aren't they the best? there story is here: url now it's time to visit our yellow friends at user !,0
user pussy put yo ass to sleep now i'm calling you nyquil,1
so niggas wanna be bitches and shit wearing flowers and shit smh y'all niggas gay!,1
&#9733 best asian massage on the park slope --top rated spa &#9733 718-622-0221 - 24 url,0
user : &#128514 &#128514 &#128514 user : ao got bitches at home scrolling ig like ... url,1
""" user : user brownies tonight"" what kind?!?!",0
user : &#8220 user : this bitch possessed by the thot demon. url,1
another long night with allergies! need better ned than zertec or however you spell it!,0
"black guy in class: attempts to throw a paper ball into the trash misses mrs. mundy: ""you're a disgrace to your race, marcus"" &#128514 &#128514 &#128514",0
all y'all bitches corny lol,1
user sup nappy headed hoe you got quiet,1
that principal shld be ashamed 'look at these poor colored kids who we made smart' they are not your props. #disgusted #morningjoe,0
user : jimmy graham is one ugly son of a bitch,1
i really committed to fucking with the richest of bitches,1
user : a boy won the scripps spelling bee by spelling 'knaidel'. used in a sentence: i'll never get any pussy because i know how to &#8230,1
but no one calls him a pussy for his injuries,1
they say one man's trash is the next man's treasure. where one finds pain the next might find pleasure.,0
cute japanese teen gets her tiight pussy fucked while sucking&#160 cock url,1
the ugliest bitches swear they bad.. but &#128564,1
user : #neonics are deadly to #birds like the american kestrel and #bees. ask user to take it off their shelves. #ecowed url,0
not really sure how to describe what's happening here #eurotrash user user @ vip room url,0
user : i have yet to master the aof eating a powdered donut without looking like i just left charlie sheen's house.,0
"bjergsen just made a full as rune page. i don't just me full as reds and quints i mean as reds, blues, yellows, and quints. 47 as",0
user got me feelin like #trappin ain't dead. got me ready to call the #guala! #salute da truth! #seenitall #seenitalltheautobiography,0
how is that not a yellow on ronaldo for full on body bumping the ref?,0
user : halloween candy corn bird url,0
user user only 3 1/2 yrs till next pres. bitches bout what o-dumb-a left her/him,1
"not ya grandma brownies, wink wink url",0
"#porn,#android,#iphone,#ipad,#sex,#xxx, #hiddencams amateur boy fucking bitch hiddencam url",1
"say what ya want but if i'm single and i have the opportunity to have a dick in my ass and pussy at the same time, i'ma take it.",1
the karate kid is such a pussy,1
i want a cowboy killer,0
"user : im sick of bitches , bitching about other bitches &#128530",1
'2' good: jeter hero for yankees in send-off url via user,0
"this bitch literally just said ""normal people shouldn't work out in this gym because so many body builders workout here""",1
user i know so. what samklef said wasn't a lie man. this guy think is a beast in naija pop. his music is trash not the wizkid of before,0
user user user thats just me rooting against a team i hate not banwagoning u retard u have a different favorite,1
"thank you, hand out that candy charlie user user user user user user",0
deez fat hoes kill me. i ain't seen this much crack since they locked meech up.lmfao,1
i rather watch the oak cliff redskins and oak cliff comets play hell,0
user user user the kikes want to charge you &#128175 dollaz for the complete version url,0
user : listen here &#8220 user : bitches cheat on they bitch... but be soooooo huwhen they bitch cheat back.&#8221,1
"i took 2 ""rebel vs. yankee"" tests 40 questions, accents, word usage and scored a total of 47.5 rebel vs. 52.5 yankee in southern pa.",0
user : i'm a cool ass nigga lbs..it's rare if a mf don't like me..nigga you either hating or mad cus yo bitch choosing &#128557 &#128564 &#128175,1
"user : good girls take 4-12 months before they move on.. only hoes jump from nigga to nigga.. don't argue with me, this is scien&#8230",1
"ya bitch aint bad nigga, u aint got no taste",1
user : what's with all these pussies turning themselves into yu-gi-oh cards lately url,1
user yo ugly ass 4 eyes havin ass bitch,1
user user let these hoes be great,1
"user : bitches tweeting ""relationship goals"" w/no man, job, or real desire to stop being a hoe or partying every weekend. jus a iph&#8230",1
"guys, i just walked into an office, and the secretary has a bird. looks like i may just find out for myself. url",0
user : when you die but a bad bitch walk in yo funeral &#128526 &#128526 &#128514 &#128514 &#128514 &#128514 url,1
i'm just tryna get to sleep before the birds stagetting rowdy.,0
user : breathe easy: twinkies due back on shelves by summer url,0
my baby boy asleep with my monkey that i had since i was little! i love my son so much! url,0
why won't we run the ball? our offensive coordinator is retarded,0
"user : &#8252 &#65039 muslim group slaughters 43 children in nigerian school, children burned alive, shot &amp slit throats tried 2escape.. url",0
user might need you to pummel a bitch &#128074 &#128071,1
user : they might be called 5 seconds of summer but their songs are 3 minutes of trash,0
"user : i asked user to get me pink bunnies one time, so he brought me yellow chicks...&#128048 &#128149",0
"special thanks to tina, charlie and staff at waverly hills... thanks to everyone that dedicated time to make the... url",0
happy birthday to my pops. old negro spiritual is 64 today lol,0
ugh like i hate when my momma get to talking all proper like bitch stfu.,1
user user user coming to the rescue of some retard licking dirty skidmarks on the internet... you guys are fucktards,1
i want some monkey bread &#128553 &#128588,0
user these hoes be acting up!,1
#pacernation 4/4 on the road! perfect way to continue after #iubb have finished #nba #pacers #indiana #hoosiers,0
this fucking little bitch landed on me in the car and really thought i wouldn't kill him.. url,1
user : i use the word cunt very loosely,1
user now now&#8230 that bird is one of god's creatures :-,0
user abouta get him some crayons and animal crackers after 8:30pm &#128514 &#128514,0
"user yeah, but sting was already a proven draw. this is apples and oranges. he signs people with the sole purpose of burying them.",0
user : you notice that im the real them other bitches is wack,1
user : i never bought a bitch....,1
"you ain't got no job, no diploma, no money, bitch at your parents when they don't give you money for weed, yet we need to act like adults??",1
user : on the low user : they're really looking for the next bitch to smash,1
&#8220 user : you dammn weed potheads are annoying af on twitter&#8221 weed and pot are the same thing faggot,1
floppy bird chalmers over here taking after his hero lebron,0
shylock &amp wongs: 3 incidents of democrat bigotry in 3 weeks - media mum url via user,0
user : miami user : houston has so many trash drivers,0
user : time to bounce in the bronx. #letsgoyankees #walkoff url,0
"user hi charlie, have a great day",0
user : i bet its higher than that user : &#8220 why do you think all women are hoes? not all of us are hoes.&#8221 url,1
user : oreo drumstick! url,0
"trash night tonight. i can already hear the sound of america's thriving economic sector out on the street, four wheels, one of them wobbles.",0
"user : give me three wishes i wish, i wish, i wish, you would bitch",1
watch my twitter bitch,1
"user : "" user : isn't ebola a type of soup???"" naw nigga its a country. my bitch is from there. she ebolian.",1
i like bitches with &#128184,1
nannie bitch don't talk to that hoe with ha extra bs ass user &#128514 &#128514 &#128514 &#128553 &#9996 &#65039 &#128175 &#128079 &#128581 &#128078,1
""" user : who wants to get there nose in these bad bois then #scally #chav #sockfetish #stinking url hot sox and legs",0
user that's white woman pussy,1
user : i've only watched 10mins of this trash and i feel like i just wasted some valuable minutes of my life that i can never get b&#8230,0
' with my bestf shyanna pen and ma main niggah ronnie a. jackson iii &#1043359 &#1041636 movie bound after we pick up the homies,1
have they seen planet of the apes &#8220 user : brazil has the highest number of monkey species of any nation in the world with 116.&#8221,0
"user : when you clam up, my survival instinct is to kick the door shut",0
uncle tom ass muhfuckas.,1
"user : ""you gotta be able to keep a bitch on her feet or she'll be on her knees with the next nigga.""",1
user : niggas be in your messages like &#128536 &#128141 &#128149 &#128166 &#128272 &amp be on twitter like fuck bitches &#9994 &#128299 &#128184 come on nigga which one you gone be drake or&#8230,1
user : okay okay but. trans birds,0
user user i can tell from this tweet that you're a twat.,1
"user nah, they let french montana spit trash at will",0
"i fight for what i love, but you make something of bitches i think nothing of.",1
user user user fuck olive that bitch,1
user : &#128514 &#128514 &#128514 &#128514 &#128514 &#128513 &#128513 &#128513 &#128513 &#128588 &#128588 user : watching a bird poop on your car after you just got it washed url,0
i wish people could just be straight up with me. don't be a fake bitch to me because i'm not a fake bitch to you. or anyone actually.,1
user : lawd!!! twitter will humble the fuck out of a hoe so quick,1
user yellow,0
"#porn,#android,#iphone,#ipad,#sex,#xxx, #xxx homemade pussy eating &#8211 url url",1
&#8216 chillin&#8217 with my homie or what&#8217 s left of him&#8217 : british rapper turned isis jihadi poses with severed head url #tcot,0
user u calling me a pussy but u not bout shit fuck all this talking let's pop shit off then,1
""" user : 10 birds your grandkids may never see, thanks to climate change url url #climate",0
"user : lol user nigga like ""damn why would this bitch do this ? "" i helped your family move and the dryer almost fell&#8230",1
thinking about getting my nips pierced...,1
user : #foxnews projects that wyoming senator mike enzi will defeat democratic challenger charlie hardy. #election2014,0
user lmfao bitch was i talking to you &#128514 &#128514,1
the birds out tonight,0
i hate a nosey bitch like mind yah business,1
user : came to training camp today to find charlie batch asleep on the curb...,0
user user trash?,0
diabetes galore &#128514 &#128514 &#128514 &#128514 &#128514 user : colorado health officials recommend pot brownie ban url,0
user : ps4 a big booty hoe with tig ol bitties xbox one pancake booty hoe with pancake tits,1
user the new nip dropped today rii?,0
"user : martin shoon - conan - oct 3, 2014 ""with your yellow skin and red hair you look like a #2 pencil."" url",0
. user is running around town delivering food to people. if he takes out the trash too he is the perfect boyfriend.,0
"saw 5 pick up a dime off the floor with her toes. apparently my ""monkey toes"" gene is strong with that one.",0
idk why bitches think they players lol bitches have zero game,1
"""searching"" the incredible story of 1 white man's quest to find the ingredients necessary to make caribbean jerked chicken in redneck land",1
"user i starting laughing ""worked out""...not b/c i think its funny that you work... throws phone in trash over butchered subtweet",0
user user user groves is trash imo,0
when will joe stop telling pbo how to do his job? you couldn't even keep a job in #teabagger florida. #morningjoe,0
user : i can't stand to be around ghetto girls.&#128134,0
user : winning browns! #cle #clevelandfans #clevelandpride #clevelandbrowns #clevelandsports #browns #brownie&#8230 url,0
she's just mad cuz her big toe looks like an angry bird! haha,0
"user : after 4 hours and almost 8 pages i want to slit my wrists, but i guess ill just settle for sleep",0
user : &#8220 user : user wetin happen ?&#8221 our school will just be behaving like pussies,1
user : ugly hoes be the loudest .. u need to duck off &amp hide yourself frfr,1
user i was raised the person that uses a gun and cant take an ass whipping is a pussy,1
user : luv riding the #metronorth with sour drunk #yankees fans after a loss... #toobad #metsfan #queensallday,0
hella just ordered me some beanies,0
mom just called me a rude ass hoe #rude,1
yo user i miss you. ya cunt.,1
user did i mention you are an ugly cunt? go back to iran.,1
user : remember all the trash on the floor of your car? we upgraded it &amp put wale's the gifted so it feels like your old car htt&#8230,0
smoke summm bitch,1
i asked the name of the bird ancient egyptians used as the sun of god heru horus .the pheonix firebird .,0
user nah some honkey lookin dude at chr,0
"you all are retarded if you really kendrick was trying to diss all those rappers, don't think just cuz names were said he was coming at them",0
and of course some rascally #teabagger on the radio is blaming the 19 dead az firefighters on #biggovernment. oy vey. #tcot #p2 #teaparty,0
bitches,1
user : resisting the urge to smack a bitch url,1
#iubb #1 suiting up again tonight! #indiana #iu #ncaa #hoosierdaddy #hoosiernation #hoosiers,0
ion like the ho cause she talk to mf much with ha real butt ugly ass dumb young ass ho &#128553 &#128074 &#128522 &#128299 &#128591 &#128079 &#128530 &#9996 &#65039,1
user : smash into windshields? user : the birds do it. the bees do it. coors light drinkers do it. you know what we'r&#8230,0
or she just cant afford winter clothes user summer hoe winter muslimah,0
"user : "" user : hey user , the jig is up. even democrats are through with you. #reasontoexitanobamaspeech"" dems are raci&#8230",0
"&#8220 user : crying over a guy on thanksgiving? nah bitch pick your head up, you making the turkey soggy.&#8221 thanks a'shanni pats turkey dry",1
im ready for today &#127936 &#128308 &#9898 #iu #iubb #hoosiers #hoosierstate #ncaa #big10 #michigan #gameday #btown&#8230 url,0
"user says the old man : i hope you can survive another 10 years, you silly jigga boo monkey",1
my flow retarded &#128526,0
&#128530 my nerves are being worked cos of my monkey &#128529 &#128545,0
user : philly full of these type hoes. broke bitches! url,1
jose soto: reflections of a former gay teabagger url,0
user user the truth hurts nigguh.,1
this uncle tom mother fucking wants to invoke 3/5 a man in his speech? dude you ain't white no matter how much... url,1
"girls be like ""1/13/13 i love you babe &lt 3"" bitch isn't that today?",1
iggy is trending. twitter's trash today.,0
user i forgot you're the same bull that said yeezus was good and that j.cole is trash url,0
red meat trash,0
&#8220 user : if you can't get pussy without lying to a girl you wack&#8221 don't hate. appreciate.,1
via user charlie angus is sending &#8220 made in china&#8221 canadian flag pins back to conservatives &#8211 url,0
my nicca drake gear game is all bad lol,0
"user : user user once fag."" you got pressed to the ground? ..hang up your cleats n never put them back on or think about it",0
user : lowkey called that faggot a faggot.,1
aye it's a lot of niggas out here that can't fuck a bad bitch unless they get her drunk smh #preach,1
fuck wit us and we tweakin hoe,1
user : user bitch nigga &#128520,1
user : i don't like the weather right now it's scaring me lol why is it yellow?,0
grr... woke up ickblah. congestion ew chunky bloaty gross. missed the gym. 1 1/2hr wait for the dr. boo friday. #whineytweet,0
user y'all gots betta machinery fo dat. hanger be ghetto,0
user user user lmao madonnas music sucks? yeah you're fucking stupid if you think gaga is better. retard,1
"""the water isn't yellow, i'm a healthy student""",0
"another major development in the jihadi circles: al maqdisi, hardcore jihadi theorist asks specifically for relief &amp aid workers&#8217 release",0
they got the redskins faking injuries,0
user user user user user user aids fuck? smdh u punk bitch.,1
user : #yankees lineup vs. red sox: ellsbury cf jeter ss beltran dh soriano lf teixeira 1b mccann c solarte 3b ichiro rf roberts 2b t&#8230,0
""" user : when twitter rappers dm me their trash links url",0
you're black? your name looks hungarian. you marry a hunky? user user,0
"work ,nigga fuck work!! it's friday bitches, fuck friday!! all about saturday !!! tomorrow will be epic!!",1
"bitch you frooooontin, bitch you frooooontin. lol",1
"user : athou the bird whom man loves bestthe pious bird with t/ scarlet breast, our robin that leaves these summer winds sobbing&#8230",0
user bitch i might be aesthetic url,1
""" user : i wanna have sex with my mom fuck her right in that pussy where i came from"" damn you got hacked like fuck",1
done everything but trust these hoes,1
if i see another bitch with a rolly bag ima diesel that bitch,1
"i got my own legacy bitches, fuck yall legacy user user",1
"&#8220 user : user ""they played a great job"" who's the retard now?&#8221 &#128514 &#128514 &#128514",1
"i didn't know my nig g-eazy had reached a million views on one of his songs, haha that's crazy",1
""" user : fit lads! nice gear! url these scally lads n trainers would get it",0
thing that made me feel old today: tori amos is 50.,0
no cuz redskins are dumpster juice user : game of the week. still the best rivalry in sports,0
user user amen on this tweet. 105 mm rockets from victor charlie leave a lasting impression.,0
user : these bitches so fucking stupid smh url,1
user : nerds are cool because they get really judge-y about other nerds being passionate about things they aren't passionate abo ...,0
i hate yellow jackets can't feel arms and back lol,0
i just put down a pan of brownies,0
"they were taking a picture and i saw a bird fly past and i was like, oh bird! user",0
i laugh at this bitch,1
abed looks like he has to take a shit #bro #pic #brolic #boyswhotakepicsinsuits #tie #swag #hoes #on #us url,1
user : &#8220 user : small ass pants &#128514 &#8221 bitch &#128514 &#128514 &#128514,1
user you are hairy like a monkey. : p,0
designer belt with a trash fit is still trash..,0
lost a couple online matches in nhl14. bitch hit me with her car. dad ate my pizza. just one of those days,1
""" user : stay tuned to user for an update on the repothat user 1b user will be out 8-10 weeks"" user #bum",0
will you sell that pussy for me ?,1
"user : user haha oreo lol. well i gota do dee's video for his dance soon, i can show you how to use equipment and that x",0
"im just a young niggah out here chasing ins, til im in the driver seat of my benz",1
user bitch u bs how fck yah &#9996 &#65039 &#128553 &#128514 &#128514 &#128080 &#128079 &#128526 &#128129,1
user : chicago will not refund $7.7 million made from red light tickets issued after yellow lights were shortened url,0
oh man. this could be a serious first ever chanel bag contender user grape-colored chanel bags url,0
user lauderdale. . that's where the hoes at?,1
user y&#8217 all whitey gots to pay fo da preparations,1
i would never fight a nigga for vagina...that's what hoes do lmao,1
user user i am that queer gnarles charles and no it wasn't me,1
user : trash liars user : these law students are terrible liars #htgawm,0
user : free wop,0
tiny out here looking like an albino red nose pitbull from a dope boy's trap house.,0
"user charlie brown a christmas story rudolph, but only because of the island of misfit toys.",0
my baby guinea pig is so cute #adorable,0
&#127867 &#127867 &#127867 &#127804 &#128153 &#127913 plus sheryl crow url,0
user : user user so tony i think yr a rude little cunt and too too young to even know what real rock and rol&#8230,1
"user : lol foreal yo rt"" user : lmao, i fucks with user &amp user real talk, them bitches know h ...",1
have you noticed all the ghetto people naming their kids after cars? mercedes&#8230 lexus&#8230 repossessed.,0
user : &#8220 user : i swear to god whitney is a regina george. &#128128 url wow im a bitch &#128123,1
user : oreo speedwagon #fatbands,0
&#8220 user : mmmh daily is out! url stories via user &#8221 user #yellow is in! &amp user luv the bling!,0
user bullshit..i guess the poor have all the money..tax money movers at same rate as working people..you teabaggers are traitors,1
&#8220 user : islamic state suspects in indonesia are chinese uighurs url uighur jihadis: they're not just a prc tool.,0
fresh out the gym but yet i'm bout to eat free birds.,0
how many #yankees players have 3k hits? you have to put #derekjeter in the conversation for best yankee ever. his numbers demand it.,0
this is why my mother isn't allowed to make brownies url,0
user have her learn the first 30 seconds of flesh and the power it holds- death. that riff would be cool for a bird to do lol,0
user just watched the llewyn davis doc. warm fuzzies abound &#9786 &#65039,0
"user off to the east of your current location, on an east-facing slope dry side of a dry place .",0
man im glad im around to see the redskins go to the playoffs considering it only happens once in a lifetime #redskinsblow,0
user xbox live fags,1
"user : i was already 24 when jeter arrived so i had plenty of #yankees memories, but next year is going to be very odd indeed.",0
&#8220 user : uncle charlie just got thru lip singing?!&#8221 haha,0
user : of rain showers &amp weepy fog of soft light &amp cool touch of wild wind that carry music of birds who cease to soar this feel&#8230,0
#iu 8 straight nation #college soccer champions! wow! #hoosiernation #hoosiers &#9917 &#127942,0
"user : i want a real relationship &#9994 &#128272 no games, no lies, no side hoes, just me and you &#128143 &#128145 &#128107 &#128081 &#128525 &#128152 &#128141",1
there's a bird nest in my garage and so now when the birds fly out they poop on my car. &#128529,0
not a word on jihadi stream about the kurdish female suicide bomber in kobane. that story undermines their mythology on several levels.,0
"user : ""suck my duck"" thot: ""lol looks like ur autocorrect changed dick to duck"" ""i meant what i said bitch"" url",1
&#9733 @&#9733 @&#9733 @&#9733 @&#9733 grand opening ! &#9733 @&#9733 @&#9733 @&#9733 @&#9733 top class &#9733 oriental massage &#9733 perfect !&#9733 url,0
user : fuck a nigga and a bitch,1
user tranny,0
the john cantlie video issued by al furqan media is a new level of the jihadi propaganda: promises more episodes &amp wages ideological warfare,0
"a light, tender yellow butter cake with a classic boiled icing, traditionally made from burnt sugar url",0
&#8220 user : user we single cuz only hoes are left.. all the good ones taken lmao&#8221 &lt -any female on the tl thats single..you a sno-bop&#128514,1
user user user user goh d anoniemeaso meeting heeft weer pauze.nog steeds niet bij hoofdstuk:hoe haal ik m'n id?,0
the two ringless fags user : barkley &amp reggie were talking nonsense the entire game,0
user user bitch my mom didn't call you,1
user : the streets ain't going no where. these hoes for everybody. when you got someone real you hold on to them.,1
user : liberal head explosion: ww2 navajo code talkers appear in redskins jackets. #redskins url,0
supporters of officer darren wilson rally in st louis url #ferguson #kkk #tcot #tpot #teabaggers #teaparty,0
ion know why this bitch insists on telling me where she be going now. idgaf about chu bitch like damn.,1
"user : found cheese cracker sandwiches in the cabinet, a year expired. ate them anyway. if i die tonight, these will be the worst l&#8230",0
user : she literally just put the whole trash bag on lmfao url,0
user : user yeah right queer. the only piece of ass you've ever got is when it finger broke thru the toilet paper&#128514,1
"a girlfriend is almost a bill lowkey. so at this point in my life where i should be gettin outta my moms crib, i'll rather just have hoes.",1
finally done wif mock regents &#128524,0
user mmmm sure dont seem like it.. lmfao but yess ill be that bitch: now are you done?,1
user bitch u lame as fuk lol,1
user : video: derek jeter hits a walk-off single on his final at-bat at yankee stadium url url,0
user user user i likes da yankees,0
1 good girl is worth 1000 hoes,1
"user these marxist kikes promoted anti-semitism by creating this film, what was their incentive? they just promote their enemies.",0
these hoes ain't loyal user : user man thats the realest shii seen tonight. a chick with a flip phone robbed me,1
sweet jesus #morningjoe are you going to split screen rep james clyburn &amp charlie daniels at the same time? #morningjoe,0
user user all trash to me,0
just noticed some trash on my notification page i had to clean up,0
"my god mother thinks im a stoner because she has someone watch my tweets lmfao, no ya boy clean as nikki minaj pussy",1
god bless the dumb niggas who trust these hoes,1
"user nope - got lucky - some washing on the slopes, gonna make it a little rough combining but feeling very fortunate today",0
"user : friends of user : user has let me know that phil is very ill. his infection has gone septic, and he is fightin&#8230",0
user : the only thing more irritating than donald sterling being a cunt is adam silver continually apologizing for him.,1
user duh...lol. me tweeting about eating pussy from the back with my tongue in that made that obvious...lol,1
"&#8220 user : bouta let banko kno, i'm goin be a ronneagle &#128514 &#128527 &#8221 bitch&#128514 &#128529",1
lmfao custy bitches be like come on in,1
user lol bitch yo display name,1
85 species of birds reported in chesterfield for the great backyard bird count. how many in your area? url,0
user user those crackers will leave you parched asf,0
user : user what's good bitch :,1
it's 2014 and y'all niggas still fuckin with these hoes. go get you a wife bruh #wifingsquad2014,1
tell a itty bitty bitch pipe down,1
user slid bitch,1
user : &#8220 user : everybody that's still on facebook ghetto or pregnant idc.&#8221 accurate,0
no one goes into psychiatry to help people. those people are all immoral. everyone who works in that field is pure trash.,1
user : user half of it will be about how you became ghetto in compton.,1
niccas be gassing hoes they never gone pop .. smh ... prolly never gone meet her! #wastedenergy,1
don't throw me the pussy! let me come get it,1
user happy birthday bitch&#10084 &#65039 &#127881,1
i like the yankees toinight -107 url,0
someone probably told him 6 god was trash.,0
user i'm not gone see your baby monkey lil ass anyway funky ass,1
free wop,0
user i'm dumb then a hoe haha i already lost that thing ya gave me today &#128557,1
"every character on #thesimpsons is trash. and they're trash on purpose. if you don't get that, you don't get the joke.",0
""" user : jane seymour rocks a bikini at 62 url crazy aunt jane is at it again user",0
"user don't yell at me, i love both of the evolutionary lines. user despises the trash buddies.",0
i think i'm gonna walk around the house free as a bird.,0
user remember 94 can be a bitch! stop to drink if you get stalled #wib advice!,1
the republican teabaggers hate this but screw em. url,0
"there are lots of top tier wrestlers who started as ""yardies"".",0
&#8220 user : kit kat brownies. url making.,0
mimi trash lol,0
&#8220 user : golden oreos &#128016 regular oreos &#128686 &#8221 yes!!!,0
my grandma got a rosta colored dress it's so pretty she better let me borrow it,0
user well you got to see pom-pom pete,0
con't also provide colored stickers to place on the nametags so that members can indicate their preferred pronouns.,0
arroz con pollo,0
we are back bitches! user user user user user user user,1
george michael such a fag,1
user : instant mashed potatoes are trash &#128686,0
i'm so excited to hang out with my bitches user user,1
fuck that hoe??? thats exactly what dese hoes doin. gettin fucked nd yall niggas the one to blame,1
kobe bryant is such a bitch. grow up pussy.,1
no face no trace pussy boys #snatch,1
user : gotta keep these hoes on point url,1
"im a rich niggaaaaa, i need a rich bitch.",1
"user cracker jack work, cdc - did ya think of checking the plane full of people?",0
why do i have the worst bm in the world smh this bitch the devil !,1
"user bitch, wake up!",1
never tell a bitch what u up to..,1
first chick to bring me some hash-browns from waffle house right now will get her pussy ate,1
"user : ""lester, the parasitic spider monkey, had 1 redeeming quality: he ran the boat, &amp the boat attracted women."" 'only in #c&#8230",0
looking forward to #ncaa and #nba basketball &#127936 in the states soon #iubb #hoosiers #pacers #pacernation and of course breadsticks.,0
ion kno wat kinda spring clothes imma get my yung nicca dis year we ain't doin da polo dis year gotta offset em wit sumthin else,0
user i've decided that #bullsnation are retarded. #love,1
"user ""leave you beaner retard""",1
might have to play the b2k tonight for my black hoes you know i still care about yal,1
user : user from a tdd pov linux is just a mock for the kernel of the gnu/hurd system.,0
dis nicca lame,0
"jihadis claim to have shot an #iraq army mi-35 attack helicopter in beji &amp identify its pilot by name, rank",0
brownies brownies brownies,0
fuck these hoes im gone &#9996 &#65039,1
user : when a bad bitch asks you to come over url,1
surrender of divinity - conquerors of the apocalypse: url via user &gt oriental black metal hell!!,0
user : being a good citizen picking up trash : url,0
bigots demand recount in #idaho #gay rights ordinance referendum url #tcot #teaparty #teabaggers #lgbt,0
user user user tx trash your show was a disgrace this am engaging w user disrespecting the president,0
user what's the difference between the three of the nig nog's?,1
"thanks to user cracker tweets today, my pilchards on krackerwheat are repeating on me like a typical night on the #bbc :-/",0
indiana lost to bowling green. big ten continues to be trash.,0
user just watched your video good stuff thought i'd let you in on the new boss boon says old character but will be surprise. it's argus,0
"user : ""that bitch had to pull my hair to win"" user lol so what do you tweet if you lose?",1
frozen peas and ibuprofen. my new best friends # cripple,0
i don't own any #onslaught on #vinyl i may have to get one now. their new lp is available in army green coloured vinyl,0
user what's up my bitches?! shout out from your momz in cali! keep doin what u do. #loveit,1
user basically we ain't got room for basic bitches.,1
"in my opinion lhha is a spot on description of how some of atlanta is. dumb hoes and niggas, ratchet broads, and stupid arguments.",1
user home fag. didn't feel like puttin up with your shit today,1
"""your a queer"". &#128530 &#128530 &#128530 &#128530",1
user : fat bitches dont like liftin up they arms in the summer all that dampness cuh,1
george rockwell 2 of 3 speech at lynchberg armo&#8230 : url proud to say my uncle kelly was at this speech in 63.,0
user : rihanna really is trash,0
this bro is just rippin apaa bird about 10 feet from us.. #redtail #hawk url,0
"user she was a dirty bitch always beggin for microwaves and catchup and shit so mufuckas always be like, ""bye falicia!""",1
the bird is the word. #esurancesave30,0
"you've gone and broke the wrong heababy, and drove me redneck crazy",0
never seen purple bird poop until today lol url,0
"user : nerf the hell out of birds, they no longer attack you at long range, lower damage, don&#8217 t follow you forever.",0
"user : jaheim, donell jones, lyfe jennings, ginuwine, charlie wilson, dru hill, next, jodeci, tyrese and etc ...... bring that type &#8230",0
user where your white hoes at bro lol,1
user : user you've been doing too much math homework hoe &#128514 &#128514,1
"do your dick hang low, do it wobble to and fro, can you tie it in a knot, can you stick it in a hoe?",1
people with trash cars love to drive fast and reckless,0
"user : in anglo-saxon calendars, 7 november is considered the first day of winter - 'winter's day': url url",0
user : everytime i see nelson agholor make a play i want to puke. kid should've been a gator. thanks charlie cheeseburger.,0
hugs or kisses? &#8212 hugs. it gives you a warm fuzzy feeling. url,0
user : oreo cookie pancakes #foodporn url,0
user yeah way to block me fag your scared you go and hit girls how tough does that make you? tough enough to know i'd beat...,1
user uh you're trash. &#128536,1
"user : &#8220 user : "" user : actually, i take that back &#128530 you niggas ain't loyal"" im loyal fam&#8221 nah negro nah",1
i'd kill to meet charlie sheen.,0
"&#8220 user : i find myself wanting to google ""the yellow king"" #truedetective&#8221 no kidding! what is going on?",0
"user and because it sounds like there is no prenup, he's gonna cash in, not her. he apparently has ghetto credit. 'magine that?!",1
user user the only place for a ho in the garden,1
user : you got niggas &amp i got bitches,1
#fact females that tweet all the dayum day r hoes that need attention #ijs #wontgetme,1
user you mean the one i colored with crayons isn't copacetic?,0
update: three arrsted after german gay guy left in critical condition after being fag bashed in belgrade url,1
idk where this nigga jus went but he better find me some food before i become a real life bitch&#128530,1
this is why i love birds. url,0
i guess none of deez rappin ass niggas wanna throw dem bitches wit da big homie user,1
"user : i have so many questions about that sex tape. i love love love me some mimi and if that thirsty dude releases it, he's trash&#8230",0
i traveled back in time to middle-earth and crept up on my enemy. i slit the hobbit's throat and by reflex vomited into my trembling hand.,0
user : user user no doubt about it. i mean its cute tossing around trash cans and having 98lb mexican boys wantin&#8230,0
&#8220 user : user stupid bitch!&#8221 url,1
"user lmao yes i kind of like it it's not that ghetto yet &amp they are and then he says ""u feel me"" &#128525 &#128525 &#128557 &#128166",0
"might walk to dunkin donuts, i want a oreo coffee coolatta.",0
pisses me off so much when brett screams fag or whore out the window at people,1
"user like some of the ""worst"" lyrics they post are beautiful but just because they don't know what they're talking about, it's ""trash""",0
#tikiti - rough mock for the base of what will eventually be an ashtray @ tiki ti url,0
user : toss 'em out of office? or just throw 'em in the trash? #trashbucketchallenge has politicians on the run at... url,1
user : that moment the pussy too good &amp u gotta slow that stroke down! url,1
anybody remember that movie thumbelina? i didn't noticed how flamin' the bird was until now,0
endless but they really trash so none user : men: how many positive s and possibles do y'all have on fri thru sun night?,0
"user : user stop following ""bad bitches"" and ya won't get spammed",1
i love how everybody bitches about heat fans when we win but if they lose all the haters are 10x more obnoxious,1
"user : when yo phone go off in class &amp the teacher say ""turn that trash off"" but it's one of the songs on yo mixtape url",0
he said that bitch look like a praying mantis tho ctfu,1
i like rivers he talks a lot of trash you can tell he loves the game,0
user i gt android dmt kno whats in that box my nig,1
user guess who's eating cracker b without you,0
user lmao. let's hangout this weekend hoe,1
today is gameday! #iubb i need #iu to win so my jersey can arrive! #hoosiernation #hoosiers,0
user pussy,1
all i ever want is for someone to love me as deeply and devotedly as charlie kelly loves the waitress.,0
user yung nakalagay sa second page ng handout na may closed ended questions etc. tapos lalagay sa 1/2 yellow pad,0
#earlybird #early #morning #sunrise #dawn #bird #thebird #jerryreed @ kansas city url,0
&#128557 &#128557 user : welp user the prettier bitch usually loses lol this is science,1
i am currently using a yellow marker that is literally called 'spanish orange' for this drawing of user absolute perfection.,0
them jants be clutch for bedtime tho &#128514 &#128557,0
user user fran is a hillbilly virginia mountain man who has pre-1800s white anglo-saxon beliefs #frankensteinmd #kikme,0
"the kfan mock draft continues, cleveland is ""on the clock"". paul allen has the vikings 8th pick. i am going with def back, justin gilbert",0
taria the filterless sis.dari the angelic sis.im the big bro lol and jigg lil bro&#128553,0
escomissions in games are universally trash,0
"fucking faggots user aren't from or live in dc, maryland or va",1
"user oh hell no! fuck you uncle tom bitch, i remember yo punk broke ass",1
user : after these shows yall bitches imitate n wonder u i say d things i say,1
"i'm not weird, you're just a faggot",1
stayin up late to watch #ichiro #yankees,0
""" user : url this scally lad would get it",0
user user not scanger,0
"""whaaaaaat! lmaooo!!! user : user that's why i luv u fat bitches cuz y'all got some big ole titties and phat booties""",1
"user : a girl tweeted ""you might be ghetto if u bring food from outside into the movies"" no u might be stupid if u pay 4.99 for a b&#8230",0
user happy birthday queer,1
fucking hot boots. who doesnt love a boot boy. lick those soles clean. url,1
"good day, honkies. ...i said good day! ...honkies.",0
fake tits? &#8220 user : a hoe??&#8220 user : can u guess what i was ? &#8220 user : twitpic your halloween costumes&#8221 url,0
"then i went inside, in order to hide from mutant bird",0
"user : i'm finally ready to mass market my skidmark-resistant tighty whities, but apparently ""uncrustables"" is already taken. fu&#8230",0
user this cold we have going around our little hick town had about everyone i know locked in their houses for better than a week. stay well,0
' hate a female that got the mentality of a niggah .,1
user wtf u think u ole pussy ass nigga,1
user : my bitches got pretty pussy&#128516 &#128516 &#128516 &#128540 &#128540 &#128540,1
&#8220 user : the fruit of the modern yankees farm system. url joba the nut.,0
"#metal only, honkies!",0
okc nigguh,1
&#8220 user : oreo ice cream cake &#128588 url &#128525,0
loves how day timers always come with coloured maps and distance charts. it makes me feel far more important then i actually am.,0
spiff tryna hoe,1
baseball......... w/ user for her birthday for some reason? lol @ yankee stadium on #yelp url,0
&#8220 user : how i feel when i'm throwing trash away... url everyday in school.,0
user : user y'all boyz was fried! fuck dat pussy nigga in the blue doe,1
user user yea ho,0
omg! the cutest little tinker bell ever &#10084 &#65039 url url,0
user : who wants to chill on campus w me &amp throw bibles at bitches taking the walk of shame&#10067 &#10068,1
user : you know you're ugly when an ape was chosen as a man crush and you've never been url,0
user : &#8220 user : all of kate upton's leaked nudes today &amp more &#128525 &#11015 &#65039 url url bitch lo&#8230,0
user user ghetto black,0
"user : based on my starbucks drink choices, i admit that i am in fact a basic bitch.",1
"female jihadis, european &amp american: grave dangers! - joe for america url via user",0
charlie clips vs yung ill review url,0
"user : if a dude seems flighty then he probably is, so just nip it in the bud.",1
"user lol, always with the complaining and crying. just like when jeezy broke up with you cause your a moaning old bitch.",1
bitch and who the fuck r u am speak when the fuck i feel like it and stop a pussy ass nigga and box the fuck up,1
he may be the president but that doesn't necessarily mean he's in the sole position of power in regard to making such decisions.,0
no hoe shit or roxy shit but dawggg i swear i ain't knw kia no how to fight...,1
don't give ah fuck about ah bitch or ah nigga!!!,1
user : mook gon wi 3-0 but this battle is bad,0
user user &lt &lt closet muzzie user user user user user,0
"user : pulled a dead bird from my garden. grateful to be out of the hot sun, it winked at me with its rotting eye socket.",0
user taking off like a bitch bra,1
"user i love racism! ""blame whitey"" for everything! now that you mention it! i bet the white man put the desetortoise on #bundyranch",1
user : i hate a dumb bitch.,1
"user : trash talked by many . hated by some . & guess how many fucks i give , its less than one .",1
user : thank you to the perkins student section for participating in the yellow out. we all really appreciated it!,0
user yes. and the user . and stalking weird people. so many things. #pr20chat,0
"user : awe hell nah "" user : me and user are bad bitches, come fuck with us"" url",1
i'm bout to hop off this hoe they tryna get on my ass,1
"don't fw sloppy hoes, you might catch somethin..",1
and #northkorea called #barack a monkey. lol! rt! if the shoe fits! 'cause it sure looks like he married one! url,0
"#yankees take all three games in motown, i'm callin' it!!! #mlb",0
yankees season over tho. so yeah.,0
"user : the knicks are still trash, melo signed for the money he don't even care about being on a good winning team.",0
over bitches trying to act like i own them a picture,1
3 things i cant stand while dealing with a bitch! a. hit feet b. stank ass breath c. skank ass ways,1
video: charlie baker remembers tom menino url,0
#yankees wasted nu&#241 ez's season #rays #mlb,0
ion care who my niggas date b if the bitch make you happy and you cool with her then do you,1
i know righttt user : i hate fat loud bitches,1
user : abel is a 43 yrs old beaner working @ home depot and he didn't want to hang out with you major l,0
user : user user user user ik vraag me al maanden af hoe de nl pers zich als een stel hoeren is gaan ge&#8230,0
holy fuck they some bomb ass bitches at buc-ee's,1
user : when i feel like he entertaining these hoes i just fall back even harder than before &#128175,1
"been sleeping toooooo much, fuck it ima enjoy it before i staworking 2 jobs like a hoe haha",1
user : i only be looking like i&#8217 m fucking bitches&#8230 i don&#8217 t tho,1
"when they bitch about ""carbon emissions"" tell them to stop breathing because exhaling adds carbon dioxide to the atmosphere...",1
"user : user i seen what you look like ,not impressed.dont talk shit you dilooking bitch",1
no i don't love these hoes and fuck these niggas fuckem,1
user she looks like a plastic monkey doll!,0
""" user : chase money &#128176 not &#128581 hoes &#128111 &#128175 &#128175 ""&#58399 &#58399 &#58399 &#58399",1
let's go for the sweep!! #yankees #subwayseries,0
user user i have an open mind and that bitch beyonc&#233 is crazy&#128528,1
user bu i do. i do hate the playa. and the yankees. if i hate the yankees for their payroll i have to hate the dodgers.,0
user user u both sorry to give racist user a platform w his trash language dana ur intvw was below kindergarten level,0
user bitch i work 24 hours a day to protect your freedom fuck you #alwaysonwatch #globalforceforgood,1
user : cincy fans talk trash about the city of #cle and then root for the user like they belong. #stillcle #cleallday #gobrowns,0
user lmaoo &#128514 &#128149 i think i want this bitch ya me tiene cansada but thanks &#128536 wait hold up ... who u fighting &#128563,1
bitches talk... hoes talk even more!!!,1
man bitches love beyonce....no punch line,1
user bitch get that job first.,1
mitt romney hates big bird. fascist.,0
sinai jihadi group beheads 3 accused of being 'spies of the jews' url via user,0
user : &#8220 user : bro even with uno webo i still get more pussy than you &#128586 &#8221 &#128514 &#128514 &#128514 &#128514 &#128514 &#128514 &#128514 &#128514 &#128514 &#128514 &#128514,1
user ight bitch ima see u,1
or their music is trash,0
charlie bit me,0
"no paper hoe, but you can have some more of me",1
"user : for years two fan bases unc and indiana have said they do things ""the right way"" while uk and others are rogues. my ho&#8230",0
"cruisin round the street in my 64', jockin the bitches, slappin the hoes",1
"as chanice say that, i realize the coons move from drinking moet to belaire. all yuh feel all yuh so fancy with all yuh $30 champagne eh",0
user #pumprules is on bravo...quality trash,0
user : user user user babes we buy brazilian and peruvian not bengali,0
i'm really nice &#128557 but a bitch at times,1
"under my windoowww &#8220 user : bleaching your teeth, smiling flash, talking trash, under your breath&#8221",0
yanks choked too..... lost 4 strait remember,0
niggas living like hoes dats why dey dying bout nothing,1
after 27 weeks straight of that nigga being you mcm we get it bitch y'all fucking &#128514 &#128514 &#128514 &#128514,1
there's like 5 injuries a game in football.. shit trash lol,1
user lls omg omg me too getting harrassed by my bby father smh on ig tlk bout hw mch he miss me bitch please,1
f u tumblr bc my blog is black &amp white but there's so many great colored things i could reblog fml,0
user : u might be a faggot if u pull outta the pussy to bust bro.,1
"okay bitch listen up this is important ,,,,,,,, ur eyebrows should not be a centimeter apart !!!!",1
this niggah user is a fool,1
&#128514 &#128557 &#128128 user : hood hoes love harrell football team&#128528,1
this time a night dark skin niggas really turn into lightskin niggas i swear i seen a darkie try buying starbucks 3mins ago but they closed,1
"""on my way to fuck your bitch in the name of the lord"" - mr. race",1
""" user : my cousin said he share hoes with his brothers. he said sharing is caring and he love his brothers &#128514 """,1
"god made male and female blades of grass. every living thing must reproduce itself to stay on this earth: birds, bees and grass. sex natural",0
user : girls wanna hoe around and turn up but gone regret the shit afterwards.,1
user : have to go with the slant pass to your outside linebacker in that situation.,0
"user user user nah, they would probably call you out for being the obsessed faggot you are also. nice try though.",1
correction: he better bring one classy bitch home because momma ain't going to be dealing with random hoes in the house ! &#128131 &#128131 &#128111 &#128581,1
"wow, the whiggers at the tea party nation banned me. i didn't even use any bad words! maybe my racist founding father quotes did it...",1
user haven't you ever heard the story of the birds and the bees,0
user user he was walking &amp 3 little birds pitch by his doorstep. singing sweet songs of melodies pure &amp true. saying ...,0
&#8220 user : make the most of what you have.&#8221 don't tell me what to do bitch,1
"baby i'll whisper vietnamese to you all soft like, ""ching... chong ting o long....""",0
munching on ww crackers &amp studying nycs trans syst. since nyc &amp i haven't had a thing in over 15 yrs #clubinsomnia #vacay,0
user hats on us not trash tho lol,0
user obama is a bitch his speech was pure politics for mid terms. only way we destroy isis is with troops on the ground.,1
user : my pussy is totes adorbs when she jumps on my bed with litter stuck to her. the cat is fucking annoying when she does it.,1
jet lag a bitch,1
"user : the ones we really like , we can't get. but if you got the one you really like then you a lucky bitch.",1
"note to self: boiling water hot, monkey brain",0
#uppers loving the show this morning. chris is directing the conversation beautifully. make the teabaggers talk!,0
"user : &#8220 user : when the trash bag is so full , you can barely tie it....&#128548 &#128548 url sttooopp!!&#128563 &#128514 &#128514 &#128557 &#128557",0
"user : finally! warner bros. making superhero films starring a woman, person of color and actor who identifies as ""queer"" url",0
user user user user user user user nigga be safe hoe,1
user user fuzzy dice might be the nicest thing you could put in your car lol &#127922 &#127922,0
"user : "" user : "" user : "" user : user &#128514 &#128514 whatup""wyd b &#128514 &#128514 &#128514 ""chilling in the square wbu ?""bitch wat u &#8230",1
i got good credit. so my bitch credit gotta match mine,1
gave that bitch an e pill ... bitches love fucking wit they ex,1
&#8220 user : two of the best yankees derek jeter and joe torre #joetorreday url user,0
them queer ass shorts rabchenko got on,1
user user #askim5 would you rather drink squirrel pee or johnny depp's wig in charlie and the chocolate factory?,0
""" user : user inna di ghetto!!!"" you alone lmaoo",0
"there's no one to fliwith, mad bitches in my inbox. skrr skrr",1
user mk hun just textith me,0
"user if you decide to do damara, you should make her a gladiola. we have gorgeous rust-colored ones coming up over here.",0
yo bitch choosin' just let her,1
i'd have to go off on a bitch,1
user : &#8220 user : &#8220 user : okay now i'm going to krispy kreme for real&#8221 fat bitch&#8221 user this nigga trying &#8230,1
you're all faggot fuckheads.,1
"user : &#8220 user : ""you disrespected my hoeing"" pimp slaps hoe in the telly for talking back! - url bitch",1
"user i'm not a trash talker, brah. i'm polite and diplomatic on and off the court.",0
"user : if there was an invisible celestial judge who killed those who spew hate on palestinians, celebrities &amp politicians would&#8230",1
you like those? honestly they tasted like the sole of my shoes user : user that's a shame.,0
user she was always a pathetic mutt desperately seeking attention &amp a purpose. no matter what jp writes that will never change,0
". user thank you, dawn. i see our state bird graces your avatar...",0
thank god fob didnt come back doing some shitty arena tour. #iwaited5yearsforfobandiallgotwasthisshittyarena sykeeee,1
lol my porn name is master licker wtf y i gotta have dat bitch ass name,1
falls in that pussy like quick sand &#128524,1
lebron warm up jacket full then a bitch,1
"honestly, i just do it for the bitch mob",1
user user user i'll chug my tall can . but homegirl won't approve lol,0
was finna slit my eyebrows up in the shop but nahhhhhh. . . . . . . . . . . . . . . . . . . . . . . . . . . . . . . . . . . . . . . . . .,0
california has gangs because california is trash.,0
user user bitch look like she gon blow away fr!,1
"say what you want about user , but that bitch has pipes!",1
"' you tall tree ass females be 6'0 talkin bout "" catching feelings "" , bitch you need to catch this touchdown... url",1
"always wanted to fuck that bitch, thank you god i fucked that bitch",1
user : the people of the ghetto are rising up and fighting back. whose side are you on? #gaza,0
cleveland is the best team for manziel honestly the oc can use the offense he had with the redskins &amp the browns d is nice wit a def hc,0
fitzpatrick is trash bruh,0
"when all else fails, blast bare nips",0
user : hot 97 trash.,0
&#8220 user : user fb hoe lol&#8221 damn next time be nicer . lmfao,1
user : &#8220 user : lmfao hicks url,1
"""mine plays dmx and kirk franklin smh user : well my neighbors are ghetto . they get up at like 5am and beat their kids.""",0
your ex wife's #pussy tastes like sweet butter user #theshield,1
user : make my way right to the trash can with these. user : new season. new shoes. #makeyourownway #wayofwade url,0
"user user user user all of yall stfu, your all pussies and won't do shit",1
debating feminism with a gay professor uninformed girls and low iq rednecks is not my idea of a fun wednesday night,0
user : getting over a painful experience is like crossing the monkey bars. you have to let go at some point in order to move forward.&#8230,0
enjoy 50 off user #dc tickets with our code and check us out at booth #640! vegan brownies samples &amp more! url,0
user gotta get my superbowl shiat the cleaners then we hitting the big bird.,0
user ha. he ain't welcome in washington state or nashville. serpas is straight trash.,0
user : when someone drops their trash mixtape in my dms url,0
user then who are you to call me trash &#128522,0
"user , i'm viswa moulie. i wanna be ur friend.. please, shall i ?",0
"user : on this #armisticeday the cry ""never again"" is absent and mocks our pledge to #neverforget the fallen from ancient an&#8230",0
"this bitch lmao ""steve wilkos be goin on mfs &#128553 &#128514 "" url",1
&#8220 user : dudes shaving without it being for an athletic purpose is gay af&#8221 you're retarded.,1
nah i definitely gotta find me a bitch to drive me around in my whip while i'm drunk to this ty dolla $ign tape b it's only right,1
uh oh user : control yo bitch if you don't want her in no shit. it's that simple,1
user : y'all bitches sending inviatations to the wolves than get mad when they at ya door,1
user lmao. it bel ike that nowadays,0
user don't pay dem bitches and they dirty ass chucks no mind bro,1
"user : and she's watchin' him with those eyes / and she's makin' him linguine &amp clams with that body, i just know it!",0
user : she's a sapiosexual. i had a jimmy neutron brain blast. showed her i'm an intellectual and put the pussy on the chainwax.,1
julius peppers still seems retarded.,1
user fuck your redskins bitch!,1
alibaba / jack ma: gotta love a guy who beat meg whitman's albino ass back to the us. freakin' commie genius.,1
yankee homeruns make me all tingly.,0
user : &#8220 user : im a faggot&#8221 user,1
"user : drake said it best when he said ""niggas act more like bitches these days!""",1
user nice pussy.,1
user fuckin moulinyan &#127814,1
user : #migosconcewas turnt af last night but user shut that bitch down wit #hotnigga frfr,1
user : the only girls that care about being a guys wcw are hoes,1
dumb ass bitch i swear,1
my manager is retarded bruh always asking siri some spellings. &#128514 &#128514 &#128514 ..this nigga is dum af doe,1
"user : feb 2015 jordan 4 retro remastered ""oreo"" 314254-003 url",0
"crazy bitch, i like the way you ride this dick",1
there was a reason why i blocked this bitch,1
oh my. there was an oreo baked into that chocolate chip cookie. #surprise,0
"user listen cuntrag whore bitch, shit be expensive as fuck, man. we had to do pr first that one year, this year was the wedding so.",1
user you can't see it but i'm flipping you the bird,0
user : humans are genetically closer to chimps than chimps are to gorillas. but we are all apes. have a great day you clever twe&#8230,0
user user user altyd zo geweest hoe vaak men ook zegt:dit nooit meer!lozewoorden.puntjebijpaaltje vertonen z dierngedrag,0
user user sitting here talking about what u would do or gonna do that's something my bitch does,1
"user get a can of wasp spray. it shoots out 20 feet and cheaper than bear spay or mace, works just as good",0
user y'all ain't gots no colored folk on da show. i tinks dats be racist and shit #thetoddshow,1
"lmao did u really just call me a hoe? lol "" user : user user yeah you hoe!""",1
"user of the washington post to call the president ignorant i ask you racist ,angry ,bitter, bitch look in the mirror!!!!!!!!!!!",1
user uhh messi trash . and im flattered but what was the games scorre,0
most them niccas i thought was real tried to derail me!,1
i donated both of my very expensive prom dresses to teens who couldn't afford to buy one. don't be a selfish bitch.,1
damn lol user : janay rice speaks on the domestic violence costume that mocks her marriage url,0
user : phat pussy is the best pussy &#128526,1
"user : &#128073 &#128073 user it used to be a shame to be hoe/prostitute, with social media they call it hustling lol",1
my nicca user swear he can see me in madden lol,0
""" user : user user i'm not even shy stfu"" kikis mom: hi angelique angelique: smiles dips cracker in soup",1
"user : for lots of great oldies, check out ""memories and more"", with yankee rose, today from 1:00 pm to 4:00 pm eastern! url",0
this bitch at the gas station offered me head for $20 &#128514 &#128557 &#128128,1
user i swear this is just disgraceful like a bitch line a really be dry all day i'll only get emails from pacsun ! &#128557 &#128299,1
charlie sheen never disappoints.,0
user : does anyone know of a good pet sitter in #cle/northeast ohio? specifically cats &amp birds. thanks! #clepets #neo #clevelan&#8230,0
if you don't say thank you after someone holds the door open for you you're a bitch,1
im tired of seeing this disturbing bitch with 3 tits,1
got one bitch in economy and one bitch back in coach.,1
top layer trash.,0
user : exclusive: ars&#232 ne wenger gave two yellow cards &amp red card while refereeing a charity match in rome. user,0
user user user she's just another straight-up conscienceless liar. soulless criminal trash.,0
good pick birds,0
user : i was in her while her nigger was in there makin dinner,1
user thus you have the term redneck also.... the creator is not mocked. good for you...excellent precept daughter!,1
user : jihadi work accident: seven taliban fighters including top commander killed when roadside bombs detonate prematurely&#8230 h&#8230,0
user : here come wiggas soft tweets.. &#128514,0
user : all babies are born hipsters because they come out of the hospital in beanies.,1
user beans u beaner?,1
it's gotten to the point where i literally don't care and i'm gonna stapunching bitches if they don't move in the hallway,1
glad i bossed up on my old hoes &#128170,1
when lifes got ya down you just gotta get back up and pimp slap that hoe!!!!!,1
why are #teabaggers so interested in saving people who are muslim? does syria have oil? #morningjoe,1
"user : america is like a drunken redneck flailing his fists around, raving incoherently. he's kind of funny, but also you'r ...",1
"user user lol that's basically like the ""you got too many hoes"" curve",1
&#8220 user : you lucky ashit if you got the shawty you want .. &#128527 &#128175 &#8221 a niggah just tryna keep her,1
people gotta learn to appreciate the people that go out if their way to help you. even if you don't want their help don't he a bitch,1
user : if your friend is a hoe u a hoe too. birds of a feather flock together,1
user nigga fuck you. some plano schools go hard then a bitch way better than richardson.,1
"user : this vine still funny as shit to me &#128557 &#128557 &#128514 ""how many niggers are in my store""? url",1
not that it's tit for tat... but we don't say shit to our boy just like you don't check that insufferable bitch you call a best friend.,1
green grass and tree trash. url,0
#yankees,0
&#8220 user : it don't matter where we at this nigga always tryna holla at a bitch &#128514 &#128514 user &#8221 where. y'all. at?,1
"all these afternoon groups are trash besides the bubba, keegs and furyk group #thememorialtournament",0
user &#128514 &#128514 &#128514 &#128553 &#9996 &#65039 my bad bitch im logged in on everybody shit,1
"user user oh, wait! ""can i get that photo of me playin with creed's side project by itself?"" my bad. yeah, fob is embarrassing",0
user : &#8220 user : user the last bitch i fucked was a mixed breed&#8221 &#128175 &#128175 &#128175 &#128514 &#128514 &#128514,1
this my dog telling me he is done playing frisbee for now.. lazy mutt url,0
too many pretty bitches got the sore throat voice.mostly red bones. #turnoff,1
"nigga i wus graduating user : if you wasn't in the 6th grade in 1996, you a hoe",1
user who is this we..? i dont love hoes,1
"""for every bad bitch there is a nigga tired of fucking her""",1
"user user you still needs to give it to me bitch , i'm on youtube and rhapsody with it ya cock",1
busted my lip playing ball so now i can't enjoy pussy and this delicious mango,1
"wow, charlie strong is cleaning house. might be upwards of 10 released before he is done. user",0
"user : call my son ""nigger"": even respectable white ppl will be uncomfortable w/ you. call him ""thug"":you probably can get off w&#8230",1
"the beautiful fairy pools near glenbrittle on the isle of skye, scotland url",0
user : niggas gossip like hoes i'm sleep tho,1
""" user : thick raw fuck url damn his man pussy is getting a workout.",1
user : bitch nigga qualities is all you can provide. &#128514,1
user : if those captcha pictures get any more fuzzy i'm going to need a bot to decipher them,0
all he needs is a skirt!!! sure looks like a bitch to me. url,1
&#8220 user : fuck them texts! &#128526 it's a movement. lmaooo &#8220 user : courts texting rubbed off on me &#128514 &#8221 &#8221 she used to be bitch bout it tho &#128553,1
user they're so goooood. i just want like a savoury salty cheesy cracker,0
or pollo,0
"user user you call someone a faggot and then say to kill themselves, you are a pathetic human being. a fucking disgrace.",1
ay what are some good bars/clubs to hit up in denver?? should be up there saturday night to coon out.,0
&#8220 user : bitch in the middle look like a daddy long leg &#128557 url,1
user : &#128128 &#128128 &#8220 user : when you and your boys discover a hoe url,1
user i miss tupac rap offs hillbilly,0
"user : ...and rounding out our cnn ebola panel tonight, the monkey from the 1995 film, outbreak.",0
"give them bitches good head, i can assure you they will be back",1
user user user user user i trusted you queer cakes! wheres the passion? she made me do it dammit,1
user yess bitch. messyyy,1
we're a good match cuz we both retarded...n weed,1
you a hoe if you take a taxi to the club,1
"user : user lmfaoo never i be dolo , i dont got no niggas, &amp for my old hoes fuck all them &#128074 &#128514 &#128514 &#128514",1
user i need 2 of the bitches,1
i copped a uzi but i need some bullets for that bitch !,1
"user feel same way about new england patriots &amp new york yankees. but unlike u, i've worked in boston &amp nyc. texas prison is upgrade",0
"lame niggaz wait in line, wait for bitches, wait to create, wait for someone else to do shit for them.",1
user not to yall thou! yalll fucking glad bag trash,1
url leo get the fuck off of vine you fag,1
user : when i make the paper ball into the trash can url,0
"user ""fuck ur wcw...let me see wat ur current bitch look like."" oowe...",1
alex smith wears red and yellow now so quit being psycho ex boyfriends and get over him. he's in the past,0
&lt -- nudes are trash,0
user : lame bitches always wanna try 2 play a real nigga like a lame bitch das how u get treated n cut loose&#9995,1
this niggga said i be branding bitches &#128569 &#128514 &#128514 &#128514 &#128514 &#128527,1
"pretty over this whole yankees thing, id rather lose in the alcs every year then live in detroit.. i miss the real steinbrenner #glorydays",0
user you're not funny trash,0
i have a feeling tonight will be trash.,0
wonder if they gon have em for the low on nigger friday....,1
peace my friend..only peace..i am not your enemy..dont say that word again..look at my facebook wall..one of my best friends ever was a moor,0
somebody please bring out of my hotel room and hire me for something real&gt i work hard for somebody throwing me in the trash. #iwantout,0
i hate a wishy washy bitch,1
user : i hate stereotypes. preconceived notions that black men are athletes or criminals.. black women are ghetto and confined to t&#8230,0
user : scott walker investigate. christie's bridgegate. perry's drunk monkey dem da-gate. all men innocent. all threats to left&#8230,0
long yellow.,0
"user : nigga when from "" can i get a hug"" to ""i got hoes b "" url",1
imessage so trash,0
user : slow rap voice that bitch can suck my dick faster rapping voice that bitch can suck my dick,1
user chink thats better then having the rug rats running around yah crib girl enjoy life lol,0
user my pops is from new york. my family is yankee obsessed. my sister literally cried when she heard he was gonna,0
going to california today for some analyzer training. going into dick whitman mode. wish i had a tan colored suit to wear for the flight.,0
user i heard green tea makes you lose weight.... and imma coon so that explains the watermelon,0
"user : i have absolutely no ""hoes""",1
user : i accidentally ate a few fireflies last night while chewing some leaves i found. the shameful yellow glow of my mouth wa&#8230,0
lmao trifling ass bitch!,1
"user i know, bitches. let's do something this weekend. let's bake!",1
x x user : fat bitches with normal sized legs be looking like car keys.,1
user say dat shit again user : bad bitches hate broke niggaz. but you knew that already..,1
user when hollywood underwood took his shioff and started screaming in the dark hah like a horror movie with the nips!,0
"""i dont even need a picture of tamar, that bitch is beat in every picture""&#128514 &#128557 &#128514 &#128514 &#128514",1
any solution to zog which doesn't deal with demographics - only laws - is no solution. #northwestimperative url,0
i'm in my bed like half asleep and stuff. but i really want that oreo coffee coolatta.,0
i love liv when she gets ghetto,0
"from jihadi streams: rutba, anbar province, #iraq url",0
user green bananas are better then yellow ones too.,0
user we hate them more than the cowboys and yankees.,0
user stop being a pussy.,1
i got my eyes on this red bone,0
user i've been knowing fag,1
user pepe because his defending was outstanding! his tackles were accurate nd he did hos job perfectly in both legs!,0
lil wayne has fucked every bad bitch in the game,1
that 'ouija' movie look like trash,0
kae &amp chris coming for yall bitches as a couple &#10084 &#65039 &#128076,1
user you're a bitch,1
user : user user the only thing that cunt talked about was me crying about the traffic jam. knows nothing abou&#8230,1
""" user : tweety bird tho &#128514 &#128514 &#128514 &#128514 url",0
my lil cool ass bitch she from northside &#128525 &#128175 &#128184 &#128079 &#128081 &#128581 &#128079 &#128540 &#128176 &#128525 &#128525 url,1
user user you inferred he tried to ho to nam. he did not. he dodged it. he is no great leader.,0
user i love you hoe!! hahahhaa &#128536 &#128536 &#128536 &#128536 &#128536 #uglyass,1
user user well that's some cracker jack secret service work there. jfk anyone?,0
finally got an updated pic with angel wing colored url,0
dope in the bag pretty bitch on the side,1
"u know u watch too much gay porn when u refer to boy butts as ""man ass"" or ""boy pussy"" bc me in my head 24/7",1
playing with my money is like playing with my emotions niggas don't believe i guess we going to find out then hoe ass niggas,1
user the slopes aren't for us bro hahaha,0
got chunky marmalade today of a greatful customer for my service over the past 2 yrs #postietweet #servicematters url,0
user lmao girlllaaaa i don't like em chunky anymore.&#128514 &#128514 &#128514 &#128514 &#128567,0
&#8220 user : i like how user thinks i'm talking to hoes..hell nah! lol&#8221 my bad i forgot you ain't got hoes like vdawg do,1
user user i like that your room isn't a big sloppy mess like most of these twitter hoes,1
exposed: jihadi kidnap and murder handbook... and plan to infiltrate british army and police url via user,0
user : you bitches with a cup boobs need to stop wasting money on bras and just buy some tank tops like the rest of the homies.,1
that was a solid investment of 15 mins. cue up frank. yankees. wow.,0
big black bitches out here arguing,1
"user : don't curve the man today, in whom you may need to eat your pussy tomorrow",1
i rescued a baby bird &#128035 url,0
user i'm not delivering to that bitch boy anymore.,1
"because if nobody was judging the birds, this account wouldn't even cause a ripple in d ocean",0
"sometimes, even i gotta tell these hoes to grow up smh",0
"that was me trying to be ""mature"" about the subject. what kind of fucking pussies are you to bitch about a satirical tweet against asians?",1
user user user user the nerve of these hoes,1
user : bitches would cheat on a nigga that give her everything she ask for and be loyal to shawty smh bitches ain't shit,1
user user user user i just noticed you guys called me a jiggaboo,0
user : us ghettos-driven by liberal ideology forged by unions &amp bankrupted by self-serving dems catering 2parasites! #tcot url,0
user : the paranoid fear of sharia on the right boils down to: christian fundamentalists should be the sole oppressors and persecu ...,0
user : wake up you dumb son of a bitch,1
nobody cares you fucking fag damn you bring bitches water even though youre thirsty as fuck &#128514 &#128514 &#128514 #fucknigga,1
rescue elephant calf &#8216 nunai&#8217 looking fuzzy at the international fund for animal welfare rehabilitati url,0
user i eat dat chicken out your love box baby. lovin a white woman while eatin chicken. a colored mans dream,0
"user whoa easy amy, don't slag the canucks too much with such a generalization",0
user certainlt not the paddies,0
if train officers that are wearing body armor stand back to watch the smoke clear. why does every gun ho wanna be... url,0
user : 500 years of racism and they think nigger hurts my feelings lol. white people are funny.,1
we can't trust these hoes fam url,1
i can't take you serious if you wear colored contacts.,0
user : look at this faggot url,1
user : some birds aren't meant to be caged,0
"user : victory! #yankees outlast a's, 10-9 in 14 innings. eduardo nunez the hero, and oh yeah, first place still resides in the bronx.",0
user bout to be in ike a couple hours,0
"user lol avila... it's simple, but i live in a pretty redneck area.. so it never gets pronounced correctly",1
"oops, i just had a freudian slit.",0
user user mickey mouse ears hat....and tail for that matter.,0
"user : i see you again didn't election bird for government, america. that okay. i guess i just take this free cookie for everyo&#8230",0
wiz lost his bitch to this nigga ain't no weed in the world strong enough to help him get over that url,1
"user : &#8220 user : well, there's ""crazy bitch"", and there's ""you can look for that motherfucker's corpse, but you won't find&#8230",1
user wyd fag,1
bitches be hating &#128514 &#128557,1
"if you are descended from anything less than european nobility and/or royalty, then you are non-titled common gutter trash.",0
"user if only there was a medal for that: ""we hate fags, but we won't kill them"" medal. thank u for the privilege to let fags live.",1
i cheated on 10 of the bitches i had tf lol nobody even wanted to be all committed and shit,1
user : user retweets the most random shit just cause a bad bitch tweeted it &#128514,1
user happy birthday you dirty little bird &#128520 tear it up &#127867 &#127881 &#127880,0
"snow day bitches, lyrics gettin done n bud getting smoked #snowday2014",1
user : the way this niggah just flinched at this movie was #priceless user,1
about to be 23. officially an old ass bitch,1
user : ayee ayee it's my snow niqqa &amp &amp it's for my bitches to slide to my crib,1
i have no clothes that make me look like a redneck but i tried my best &#128514,0
i remember them bitches lmaoo,1
user get this nigguh of this streets,1
"i used to get grs a lot, tho. maybe that's why my soles cracked so much... url",0
user fight or nah dumb bitch &#128530,1
user : &#8220 user : next person i see tweeting that bitch shitting on herself im unfollowing you&#8221,1
#portlandia #putabirdonit user : the xbox one would be so much cooler if they put a bird on it,0
#yankees if royals have a fire sale. i want the whole team!! leave gardner and tanaka. the rest can please go. along with joe and cash.,0
user : when bitches talk about their bf 24/7 url,1
nobody on planet earth more protective than bull dykes,1
my hoes trippin lol,1
wtf i'mma do about my legs charlie murphy...,0
user : just eating animal crackers in sacrament! #17andlovinit,0
"foley abduction linked to british jihadi kidnapping ring url via user , user",0
this is why nothing gets done. morons like coburn trying 2 ad a gun amendment 2 a public works bill. push back on the #teabagger #morningjoe,0
user : if u acted like a hoe after we broke up i'm not wrong for thinking u were a hoe all along,0
user user puppets like don will intentionally and forever cripple our people's ability to unify a eco and political consensus,0
"user : big dreams, cause that small goal shit is for the birds.",1
user : wow such banana so potassium much yellow url,0
&#9733 @&#9733 @&#9733 @&#9733 @&#9733 grand opening ! &#9733 @&#9733 @&#9733 @&#9733 @&#9733 top class &#9733 oriental massage &#9733 perfect !&#9733 / url,0
got my bitch in her whip coming to pick me up,1
user i gots to be bein colored and all,0
99 percent of the trash we dump in the sea is missing. this is not a good thing &#8594 url url,0
user : user looked like princess bella in that yellow dress&#128120 &#128120,0
user : everybody turning into assholes this year. look what you&#8217 ve bitches have done to us.,1
user : mass. gop gov.-elect charlie baker: no driver's licenses for illegal aliens &gt url #noamnesty,0
just remember when having standards becomes cool again......im gonna call a lot of you out for staying quiet like a bitch all this time.,1
user user ..............&#128530,0
"user : no officer i wasn't drunk driving, i was swerving on them hoes.",1
user : one who can't keep his bitch user what kind of man can't parallel park?,1
i was in love with charlie &#128553,0
"user : berto couldn't ko this dude who wanted to get ko'd&#8230 berto's trash, upsher's trash, that fight was trash. #bronertaylor #boxing",0
"user nice lie #teabagger. just because you want to see it doesn't make it real. like reagan was a conservative, another huge lie",0
how the hell was david murphy's hit not a home run?! clearly over the yellow line. user another umpire mess up.... smh,0
"user : ""deme gallo pinto con carne asadita, madurito..y...una milca, amor""",0
"user : 6000 people/day now being deported from warsaw ghetto, packed into cattle cars for rail trip to treblinka death camp. htt&#8230",0
waits for fanduel to hit me with the jig,0
early bird gets the worm.... #gogetit,0
&#8220 user 10 under in miami is a keeper&#8221 not hard to find them hoes just like to brain wrestle,1
fine i'll settle for an oreo milkshake,0
user bitches need guidance. lol,1
been a long december hasn't it? counting crows :,0
shy singer surprises and melts simons heart: url this was so damn beautiful! i almost cried!!,0
"user : in hopes of recruiting more women, isis opens jihadi finishing school url user user url",0
user whoooo?? lemme find out a bitch run u haha,1
"user as in, ""throw birds with long pointy beaks at you""?",0
"chops user does bird call, flaps hands",0
